model,mode,repeat,russian_only,required_facts,recipient_ok,signature_ok,factual_error,unsupported_addition,note
qwen2.5:3b,A,1,True,True,False,True,False,False,Нет обращения к Марии; грамматическая ошибка «чтобы время подходит».
qwen2.5:3b,A,2,False,True,True,True,False,False,Смешанное приветствие «Дear Maria».
qwen2.5:3b,A,3,False,True,False,True,False,False,Письмо преимущественно на китайском; даты и причина переноса по смыслу сохранены.
qwen2.5:3b,A,4,True,True,True,True,False,False,
qwen2.5:3b,A,5,True,True,True,True,False,False,Причина переформулирована как «не оформлен к сроку»: небольшой сдвиг смысла.
qwen2.5:3b,B,1,True,True,True,True,False,False,
qwen2.5:3b,B,2,True,True,True,True,False,False,
qwen2.5:3b,B,3,True,True,True,True,False,False,
qwen2.5:3b,B,4,True,True,True,True,False,False,
qwen2.5:3b,B,5,True,True,True,True,False,False,
llama3.2:3b,A,1,False,True,True,True,False,True,"Смешение языков; придуманы плакаты, подготовка отчёта приписана адресату."
llama3.2:3b,A,2,False,False,True,True,True,False,Новая дата заменена на 14 октября; смешение языков и ошибки речи.
llama3.2:3b,A,3,False,True,False,True,False,False,Английская вставка и бессмысленные выражения; нет обращения к Марии.
llama3.2:3b,A,4,False,True,True,False,False,True,"Подпись «Артом»; смешение языков, добавлен план рассылки уведомления."
llama3.2:3b,A,5,False,False,False,True,False,False,Нет новой даты/времени и названия проекта; смешение языков.
llama3.2:3b,B,1,True,True,True,True,False,False,
llama3.2:3b,B,2,True,True,True,True,False,False,
llama3.2:3b,B,3,True,True,True,True,False,False,
llama3.2:3b,B,4,True,True,True,True,False,False,Грамматическая ошибка «на вашу присутствие».
llama3.2:3b,B,5,False,True,True,True,False,False,Иностранная вставка «sangat» и добавлена цель обновить материалы.
gemma3:4b,A,1,True,True,True,True,False,False,"Добавлен правдоподобный, но не заданный контекст обсуждения отчёта; не явная фактическая ошибка."
gemma3:4b,A,2,True,True,True,True,False,False,Ошибка «Связанно с проектом»; добавлен контекст обсуждения отчёта.
gemma3:4b,A,3,True,True,True,True,False,False,
gemma3:4b,A,4,True,True,True,True,False,False,
gemma3:4b,A,5,True,True,True,True,False,False,
gemma3:4b,B,1,True,True,True,True,False,False,
gemma3:4b,B,2,True,True,True,True,False,False,"Добавлен правдоподобный, но не заданный контекст обсуждения отчёта; не явная фактическая ошибка."
gemma3:4b,B,3,True,True,True,True,False,False,
gemma3:4b,B,4,True,True,True,True,False,False,
gemma3:4b,B,5,True,True,True,True,False,False,
