model,mode,repeat,russian_only,required_facts,recipient_ok,signature_ok,confirmation_ok,polite_ok,unsupported_addition,note
qwen2.5:3b,A,1,True,True,True,True,True,True,False,
qwen2.5:3b,B,1,True,True,True,True,True,True,False,
qwen2.5:3b,B,2,True,True,True,True,True,True,False,
qwen2.5:3b,A,2,True,True,True,True,True,True,False,"Добавлено вступление «Пример вежливого делового письма», хотя нужен только текст письма."
qwen2.5:3b,A,3,True,False,True,True,True,True,True,Причина заменена на «на основании вашего отчета»; авторство отчёта приписано Марии.
qwen2.5:3b,B,3,True,True,True,True,True,True,False,
qwen2.5:3b,B,4,True,True,True,True,True,True,False,
qwen2.5:3b,A,4,True,True,True,True,True,True,False,
qwen2.5:3b,A,5,True,True,False,True,True,True,False,Нет обращения к Марии.
qwen2.5:3b,B,5,True,True,True,True,True,True,False,
llama3.2:3b,A,1,False,True,True,True,True,False,False,"Иностранные вставки meeting/novo, неестественные обороты и «быстрее подтвердите»."
llama3.2:3b,B,1,False,True,True,True,True,True,False,Иностранное works.
llama3.2:3b,B,2,False,True,True,True,True,True,False,Иностранное adjustments.
llama3.2:3b,A,2,True,False,True,True,False,False,False,Нет исходной даты и времени; просьба о подтверждении сформулирована неясно («Подпишитесь»); ошибки речи.
llama3.2:3b,A,3,False,False,False,True,False,False,True,"Смешение языков, нет исходной даты, добавлены неоднозначность отчёта и занятость автора; письмо бессвязно."
llama3.2:3b,B,3,False,True,True,True,True,True,False,Иностранное bardzo; «Мы пришлось».
llama3.2:3b,B,4,False,True,True,True,True,True,False,Иностранное sangat; добавлена цель обновить материалы.
llama3.2:3b,A,4,False,True,False,True,True,False,False,"Смешение языков, нет обращения к Марии; грамматически несвязный текст."
llama3.2:3b,A,5,False,True,False,True,True,False,False,"Смешение языков, нет обращения к Марии; текст местами нечитаем."
llama3.2:3b,B,5,False,True,True,True,True,True,True,Иностранное sangat; необоснованное обращение «Правительству».
gemma3:4b,A,1,True,True,True,True,True,True,False,"Добавлена правдоподобная цель обсудить отчёт, не явная фактическая ошибка."
gemma3:4b,B,1,True,True,True,True,True,True,False,
gemma3:4b,B,2,True,True,True,True,True,True,False,
gemma3:4b,A,2,True,True,True,True,True,True,False,
gemma3:4b,A,3,True,True,True,True,True,True,False,
gemma3:4b,B,3,True,True,True,True,True,True,False,
gemma3:4b,B,4,True,True,True,True,True,True,False,
gemma3:4b,A,4,True,True,True,True,True,True,True,"Добавлено неподтверждённое утверждение, что потребуется больше времени для обсуждения."
gemma3:4b,A,5,True,True,True,True,True,True,False,Отчёт назван финальным; небольшое неподтверждённое уточнение.
gemma3:4b,B,5,True,True,True,True,True,True,False,
